 Passage of Scripture first Peter, Chapter one in Galatians, Chapter three|Passage|0.9999440908432007
 Galatians three|Galatians|0.9999984502792358
 God is good|God|1.0
 Look, you never see a neighbor is good to be here|a neighbor|1.0
 We're just moving forward and asking Lord to bless|Lord|1.0
 We're looking forward to the Lord doing great things in our church|the Lord|0.9999999403953552
 How many want to have, um, want tohave the church that God wants us to have? I don't want a church that serves my needs|the church|1.0
 Uh, I want to come to church so that I can take care of God's business|church|1.0
 I don't want to be self centered, and I don't want the focus to be on me|the focus|1.0
 I believe that if I am seeking first to do the work that God has me to do in his kingdom, I believe the Scriptures, all things gonna work out|the work|1.0
 Did your neighbors say it's gonna work out? So let's take a look at the scriptures|your neighbors|1.0
 Um, we've been studying Ah, the perfect laws of liberty|Ah|0.9934862852096558
 We've been learning about natural law, human law and spiritual law|natural law|1.0
 We all know at this point that we do not serve a god that makes himself look bad in the eyes of the world|this point|1.0
 He does not break rules to build relationships|rules|1.0
 You have to acknowledge God does not do for you just because you call yourself a Christian and then leave somebody out who has greater needs than you because they don't call themselves a Christian|God|1.0
 God has lost spiritual loss that he has made available to the whole world|God|1.0
 He's got a Bible that is available toe everybody Annie as churches where people can go in worship and access the kingdom of God|a Bible|1.0
 Uh, is not feeding back a little turned that you've got to turn one of these down, and there's a lot of feedback coming out of one of these|Uh|0.9679383635520935
 So we learned about the relationship in these laws and the reason why we have to study spiritual law and so that we don't approach life from a hyper spiritual perspective and never achieve what we should achieve because we were ignorant|the relationship|1.0
 The Bible teaches us people don't achieve, Jesus said|The Bible|1.0
 You can't ask God to prosper you and you don't understand basic economics|God|1.0
 You know, if God's in the I'm passing all blessings business, and you can just clean whatever you want|God|1.0
 How come somebody I don't claim to be doctors? What? Why? People of giggling? I'm sorry|doctors|0.9998043179512024
 Say, Listen, I'm a child of God|a child|1.0
 I serve the Lord, and I got told me I'm gonna be a doctor|the Lord|1.0
 Miss Hale, that's fine|Miss Hale|0.9999999403953552
 As long as he send you to school first|school|0.9890972375869751
 I'm a child of God|a child|1.0
 You know, I cleaned my miracle right now in the name of Jesus, he said my breakthroughs Come in, sing a praise song|my miracle|1.0
 See how fast security don't handcuff you and take you to another part of the hospital Because you sound ridiculous|security|1.0
 Their natural laws, they're human laws|Their natural laws|1.0
 Ah, child of God that understands these laws can prepare themselves for journeys|child|1.0
 So this is why you spend time in the church so you can be focused on what God wants you to do it in every season he can assign these tasks that require a little bit more than what you had in the last season|time|1.0
 And if you were faithful in the last season, then you're inspired toe overcome what you're going to face in the next season because you know that God has already done exceedingly and abundantly more than you ever thought to ask of him|the last season|1.0
 Some people that are faithful have faith that we define as crazy|Some people|1.0
 Now the world calls us peculiar because we start on journeys Will start, will still go back to school|the world|1.0
 We'll get a g d will get into a junior college|a g d|0.9999999403953552
 If we drop out of school, we'd get back in school|school|1.0
 If we lose a job, we get a job|a job|1.0
 We take care of our Children way work on our marriage is we don't just toss him to the side|care|1.0
 We know when we're out of bounds on where inbounds had a great conversation|bounds|0.999993085861206
 One of my favorite students today I was a great conversation with I just want all He's such a good kid|my favorite students|1.0
 I had him in an advisory class and he took out his phone|an advisory class|1.0
 He said, Mister, I want to show you this evangelist in Puerto Rico and he put the guy on the guy who preaching the Spanish|Mister|0.5852288007736206
 You know, I could feel the anointing so that he was and we both He was preaching out, and then he spoke in tongues, right? And I said, I said, You thieves in the guy's preaching a Spanish My Spanish ate that tight, but I know speaking in tongues, I said, That's awesome! Then he showed me the service what his mother is|the anointing|0.9999983310699463
 And then I said to him, He said, Yeah, he had a picture with him He said, Yeah, I'm in the ministry|a picture|1.0
 Getty breaches a little bit and he took a picture and he said, Uh, I said, Man, that's awesome, you know? So what does your father? I don't see your father in the pictures with your father, because I know you're probably so my father said he no one gonna do at the ministry, he said, Don't bring church in the house|Getty|0.9997677206993103
 I said, What what? You mean your father doesn't go to church? He said, No, no, no, no, no, no, no, no|your father|1.0
 My mother's in sin|My mother|1.0
 Hold|Hold|1.0
 Hold their breath for you|their breath|1.0
 No, My mom hasn't said they wouldn't she know she should've message and she wanted me and my sisters|My mom|1.0
 He day married|day|0.9999958276748657
 She go to Charlie Bush's|Charlie Bush|0.9999999403953552
 And since she knows that we talked about it all the time, she says, Pray boys 12|all the time|0.9999991059303284
 And this young boy said, No, no, the law's the law|this young boy|0.9999999403953552
 God's word is the law We talked about it|God|1.0
 I'm like, All right, brother, You didn't mean it too deep for me|brother|0.9830982089042664
 We let's just go back to YouTube box the preacher trying to get into this sort of 12 year old|YouTube box|0.9999999403953552
 But people know the law|people|1.0
 People know God's loss, and when you run into God's laws, you realize, like God messing around with you|People|1.0
 You gotta do what God requires you to do if you're going to get the blessing that he asked for you|ta|0.9999959468841553
 Take a look at the handout|a look|1.0
 Christianity is to be viewed as an eternal inheritance|Christianity|1.0
 That's what Christianity is|Christianity|0.9171068668365479
 It means God has reserved for people a lifestyle that opens the doors to greater blessings|God|1.0
 When you are receiving an inheritance, you have to show maturity before you be can be given the authority as you mature|an inheritance|1.0
 God releases more opportunities for you to grow and be blessed|God|1.0
 That's that's how you get your blessing in Jesus Christ|your blessing|1.0
 You know what Children do|Children|0.9997466206550598
 This is what Children do|Children|0.9991825222969055
 Children get caught up in their environment|Children|1.0
 Adults know this is a responsibility that I have Children don't have the same sense of responsibility that adults do|Adults|1.0
 Adults understand|Adults|1.0
 If I take it all now, I'm going create problems later|problems|0.9990172386169434
 First, Peter, turn your bodies with me|Peter|1.0
 The first Peter, Chapter one, Are you there? First Peter, Chapter one, beginning at verse three|The first Peter|0.9999978542327881
 His of the Bible says blessed be the god and father of our Lord Jesus Christ which, according to his abundant mercy, half begotten us again|the Bible|1.0
 Yes, he blessed us with natural life, but he's begotten us again into a lively hope By the resurrection of Jesus Christ from the dead|natural life|1.0
 So just a CZ we inherit our looks and our genes Naturally|just a CZ|0.9350757598876953
 Jesus Christ has given us an inherited spiritually|Jesus Christ|1.0
 The inheritance that Jesus Christ gives us is incorruptible|The inheritance|1.0
 You can't do something in your sin that will cost you your inheritance|your sin|1.0
 They would say Neighbor never doubt God, you can't do something in your sin|Neighbor|1.0
 Your life was into this|Your life|1.0
 Let that hippocampus grow harm you in church on Sunday|that hippocampus|0.6068240404129028
 If you have the joy of the Lord and your faithful, no matter what comes into your life, God has promised you will have the victory if your faithful there's nothing you want|the joy|1.0
 You're injuring toe before you know the Lord|toe|0.9986275434494019
 That's what Incorruptible, What is it? Undefiled? And that what will never fade away? It's reserved in heaven for you|heaven|1.0
 Why? Because you are in Verse five kept by the power of God|Verse five|0.9970443248748779
 How how you kept by the power of God|the power|1.0
 So you're kept by faith unto salvation ready to be revealed now when it says in the last time, you have to understand what he's saying|faith unto salvation|0.9999997615814209
 What Paul is saying|Paul|0.9999994039535522
 He's talking about his life, meaning, I understand that in this season I've got to be faithful, so God's inheritance can be revealed to me in the next season from faithful|his life|1.0
 Now then I can expect to see a greater demonstration of God's off my spiritual inheritance in the future|a greater demonstration|1.0
 That's why when you when you don't go through faithfully in the prior season, you're going tohave to go through it again the right way|faithfully|0.9999996423721313
 Turn over the Galatians, Go backwards to Galatians chapter, Chapter three, Galatians, Chapter four Turn your Bibles in its Bible study|the Galatians|1.0
 I'm a prove it to you Galatians chapter for you, with me when you haven't say amen Galatians Chapter four This is what it says Now I say that the air as long as he is, she is immature|a prove|0.996229887008667
 Do you all see that word right there? Childish, different Nothing from a servant though you have the authority and power to govern everything in God's kingdom|that word|1.0
 You have the right to claim everything|the right|1.0
 You have the right to pray against anything|the right|1.0
 You have the right and the authority|the right|0.9999999403953552
 But what does it say if you're not mature? If you're not mature emotionally, If you're not mature, naturally if your house listen Listen to me|your house|0.9999999403953552
 How can you govern a spiritually power if you can't get so listen|a spiritually power|1.0
 Don't try to convince me or anyone else that you have the power toe|anyone else|0.7940878868103027
 Pray things out of your home and you can't get the prayer on time|Pray things|0.9999974966049194
 The devil has you so fooled|The devil|1.0
 People are laughing at you|People|1.0
 You can't get to prayer on time in a church|prayer|0.9999110698699951
 But you can pray and have God bless your whole outside|God|1.0
 Life is about discipline|Life|1.0
 Are you gonna pass the course? If you show up late every day, I'm gonna pass the course|the course|1.0
 If you miss all the tests, you have to demonstrate a sense of discipline for the church is here to teach us how to govern our flesh|all the tests|0.9999999403953552
 That's why the church has these thes|the church|1.0
 Doesn't start when enough people get here|enough people|1.0
 Still enough people arrive|enough people|0.9945065975189209
 Trust doesn't start when the pastor gets here and it doesn't stop when he gets here|Trust|1.0
 Church has to be planned|Church|1.0
 Organized|Organized|0.9512836933135986
 It doesn't be controlled, as in the direction we're responding to|the direction|1.0
 The spirit was showing the Lord will we recognize that you're moving us into another season|The spirit|1.0
 We're proving that you can treat church the way that you choose|church|1.0
 How you gonna do church like you do your friends|church|1.0
 How you gonna do God like that? You can't even do only like that|God|1.0
 Pay toilets for the ticket when you walk in is nothing like Okay, All the tickets have come Start the movie|toilets|1.0
 Treat God like he's so little Like he's so small Like he's so insignificant When I get there, I get there when they how On a Sunday when you wake up you should govern yourself as like you're growing up like one day I will be responsible Local Paul puts it|Treat God|0.9929351806640625
 He says he says, because you you don't understand that in this season God is preparing you for the next season|this season|1.0
 So all of your discipline's the way that you I remember|your discipline|1.0
 I used to teach it with the way that you present yourself in in the worship|the way|1.0
 You can't let your itchy brain Have you running in now? The sanctuary|your itchy brain|1.0
 I go over this all the time because people act like I'm saying it like it bothers me|all the time|0.9999991655349731
 I publicly speak all the time in my classroom|all the time|0.9999998807907104
 Did you open the door today because I was giving somebody the business you thought I was? I was giving somebody a business|the door|1.0
 I was given a two kids who didn't do some work, the business, and you will in my class Monday, I was giving people the business|a two kids|0.9999993443489075
 Your facial expression has nothing to do with what's coming out of my mouth|Your facial expression|1.0
 I'm horny when I'm talking to your mind of the anointed|your mind|1.0
 I'm teaching you a principle that's gonna lead to promotion in your future|a principle|1.0
 So if you don't wanna listen to the word in the season that it comes because of whatever is going on in your life, you're demonstrating a natural in maturity that's going to toss you the opportunity toe|the word|1.0
 Have a quality in your tomorrow|a quality|1.0
 So when you need the authority that God is giving you open the door that the devil is closed, then there's gonna be a question|the authority|1.0
 I don't know if I have the power to do it|the power|1.0
 And what do Children do when they don't have the power to do it? They quit the game|Children|1.0
 So now we're not even asking for those lessons Were asking God to give us the strength to live under someone else's authority|those lessons|0.9999977946281433
 Help me to live in this house where these people mistreat me|this house|1.0
 Help me to be on this job that I really don't like|this job|1.0
 Help me to stay in this relationship That's driving me crazy|this relationship|1.0
 You're asking God for grace, and then you go to church and sing about Greece when you should be focusing on favor|God|1.0
 Why? Because the law taught us all step on the line, pay the consequences|the law|1.0
 Oh, you think I made that up? Jump back in the scripture, it says|the scripture|1.0
 So when your childish you have to be under tutors, you have to be under governors until the time authority is appointed by the father|tutors|1.0
 Even so, we when we were Children In our maturity we were in bondage under the elements of the world|Children|0.7845446467399597
 We were told by the world What? You don't have an education doing making big money in this country without some training|the world|1.0
 Awesome education|Awesome|0.5821005702018738
 I can't claim all the spirituality you want|all the spirituality|1.0
 The government takes care of you|The government|1.0
 Say something will snatch this house up right from under you|this house|1.0
 Have you at the shelter and idea you can pretty Oh God, please help me|the shelter and idea|1.0
 The Lord's like for real right now prejudging telling me about a prosper I told him what to do in this season|The Lord|1.0
 I opened doors for me to go to school|doors|1.0
 But they treat the school the way they treat the church|the school|1.0
 They treat the training the way they treat the ministry|the training|1.0
 Who Lord help me up in here, Fu Because this is the word|Who Lord|0.999443769454956
 So the Bible says when the fullness of the time was come God sent forthis son made of a woman Look at how he writes it|the Bible|1.0
 And Jesus in the flesh had to be under the law|Jesus|1.0
 Jesus in his flesh had to be under the law|Jesus|1.0
 But if you think that the law don't apply to you, you better read that verse because the law applied to Jesus|the law|1.0
 Didn't say you know what? I'm gonna skip school making this diploma|school|1.0
 He was like, I just don't get a diploma and went up in the Temple of 12|a diploma|1.0
 Baffling|Baffling|0.9999997615814209
 Like we've never seen a 12 year old like this|a 12 year|0.9999655485153198
 And his mother was like, Where are you? I'm a whoop|his mother|1.0
 You ever walk off on a Megan? But I was taking care|a Megan|1.0
 My father's business|My father|1.0
 It's in the Bible, just like that|the Bible|1.0
 You'll ever read that in the Gospel? You have spent that much time in the Bible|the Gospel|0.9999999403953552
 He was talking to the rabbis and priests and the mother father were mad|the rabbis and priests|0.9999993443489075
 But I know that's why I didn't think they was back in them days because it would have said and Jesus received a weapon|days|0.9999244213104248
 Hey, spank if the divine And they know it was something else in the name of Jesus|the divine|0.9999997615814209
 It says so to redeem them that weren't of the law, that see, see what the world says to redeem them, to go back and get people that were under the consequences of the rules that they broke|the law|1.0
 Are you read it with me that we might receive the what? Adoption So that we could come into the kingdom and receive the authority|the what|0.9999993443489075
 And because you are sons, God sent forth the spirit of his son into your hearts So you could say, God help me to accomplish your purpose|sons|0.9999997615814209
 Oh, you're reading of our seven with me|our seven|1.0
 Wherefore thou art no more servant|thou art|0.8344755172729492
 You're not a servant, Euros|a servant|1.0
 Your son, your daughter|Your son|1.0
 You're not somebody that is dependent on the grace of God to get you through your hard times|the grace|1.0
 It's your job to make the kingdom prosper It's not your job to use the church to make it through your heart times It's your job to propel the church through art Listen, we got we got a job to do We got people to reach, We got ministries, We got songs to sing We have goals|your job|1.0
 Don't let your personal life slows down because the wheels are moving on this bad boy|your personal life|1.0
 Wherefore you're not a servant, Your son, your dada and you're an heir of God through Christ Christianity all back on the handout Christianity is to be viewed as an eternal inheritance|a servant|1.0
 The blessings of creation and life are directed|The blessings|1.0
 All the blessings in the kingdom are available for church people who have been redeemed|All the blessings|1.0
 But God said I'm worth it|God|1.0
 Being born again is a symbolic expression off our relationship to God spiritually, not just naturally|a symbolic expression|1.0
 So when you're born again off the water and the spirit, what you're saying is God Now I'm ready to grow up in your kingdom|the water|1.0
 I want a mature so I can take care of the business that you would have to take care of|a mature|0.9999962449073792
 And the greater the ministry, the greater the reward|the ministry|0.9999999403953552
 My ministry's above my legacy|My ministry|1.0
 So really, what I'm focused on in this life is maturing to the point where God can use me in the church to be a witness to others to be|this life|0.9999971389770508
 Are you a motivational? Begins to Deacon's|Begins|0.9739346504211426
 Want to do what you do? Are you a motivational speaker? Do they want you when you when you are in the pulpit ministering? Do people say I want to be as faithful? Is that brother or do they look at you like that's brother? Be preaching, but you don't be|a motivational speaker|0.9993646144866943
 What do people say about you in this place? No, no, no, no|people|1.0
 Only God can judge me|Only God|1.0
 Silly|Silly|1.0
 The judgment of God according to spiritual law|The judgment|1.0
 Take a look|a look|0.8850851058959961
 This is what happens when we get the only God can judge me|the only God|1.0
 That's when it's I can claim every blessing I can|every blessing|1.0
 I listen to the CD's I hear it|the CD|1.0
 Listen, I I was I got to do is read me a Scripture on social media and God has spoken to May|a Scripture|1.0
 I was flipping through my pages and it said today you're gonna prosper, tap it and share and you were impossible and I tapped in and shared it|my pages|1.0
 Where's my prosperity? You still ain't got a job today|my prosperity|1.0
 If I hit the button and like it five times, I'm gonna get my healing|the button|1.0
 That foolishness, that ridiculous religious attitude that makes people that aren't saved laugh at us|That foolishness|0.9999999403953552
 But these Children, immature kids playing in the kingdom|these Children|0.9999998807907104
 Look at this parable, the prodigal son prodigy|this parable|0.9999998807907104
 It means people that are extravagant, lavish, given to a luxury|people|1.0
 I can have whatever I want from God because I'm a Christian when in truth, when you find somebody that understands the value of wealth, what they're saying to you is I can have what I want, but I only get what I need|God|0.9999995231628418
 Look, 15 Chapter 11 this is the parable|15 Chapter 11|1.0
 And he said a certain man had two sons|a certain man|1.0
 The younger of them said to his father, Father, I cleaned my blessing in the name of Jesus Christ|The younger|1.0
 I clean my desk, I cleaned my car, lowers God bless her family|my desk|1.0
 No one's gonna help my Children|No one|1.0
 But I But I got things to do|things|1.0
 I'm busy and he said, Give me the portion of goods that give me all the things that the Bible says I should have|the portion|1.0
 And the father said, All right, you got that? Gave it to him|the father|1.0
 Not many days after the youngest son got all those gathered together, took his journey to a far country|Not many days|0.9976699352264404
 He wasted his substance with riotous living|his substance|1.0
 I'm talking about all the goodness of the good Lord|all the goodness|1.0
 But if the Lord is so good, why you gotta have a relationship with somebody that don't know nothing about the Lord laying up in bed with him|the Lord|0.9999976754188538
 The Lord so good to you|The Lord|0.9999999403953552
 Why do all the things that you know the Bible's like notto mess with that? No matter how come you need all those things, If the Lord is so good to you, I do|all the things|0.9999974966049194
 I have your attention for a little while you are|your attention|1.0
 This is This is my job to help you mature in the kingdom|my job|1.0
 It's to tell you, get in shape, listen to what he says here|shape|1.0
 And when he spent all there are rows like in every society there rose a famine|rows|0.9999996423721313
 And like anybody else, he had once take a look at this chart right here|anybody else|0.9999867677688599
 No, but we preached about on Sunday is the demonic in the divine|Sunday|1.0
 Last week we talked about the demonic we talked about what prince of what's what spirits, how they want, because what spirits do is they get you when you're young and they raise you|Last week|0.9999998807907104
 So when you don't find your way in Christ, you have already developed a pattern of thinking that is leading you in the wrong direction|your way|1.0
 So God a signs preachers that speak against what the demonic has touched was right|God|0.9725860357284546
 The preachers like, don't come in here with a bad attitude|The preachers|1.0
 The preacher's gonna say that the bridge is going to say, Listen, if you're involved in ministry, you gotta be, is faithful to the ministry, as Marines are to their right lift|The preacher|0.9999996423721313
 The pressure is going to tell you that he's so insensitive, what the Marine guys like|The pressure|1.0
 Well, if you don't listen to me, they're gonna shoot you in the head and the people on your job, like if you don't listen to me, you're gonna lose your job|the head|1.0
 And the preacher saying, If you don't do this God's way, you're not going to get a promotion, and the next season you're gonna be going through this until the Lord comes back|the preacher|0.9999999403953552
 The demonic demons want to make you feel empowered|The demonic demons|1.0
 Demons make you feel like it|Demons|1.0
 Short turn|Short|1.0
 Everything that has been devil is done to, you know, get it demons want to make you feel like you can rebuke them and roll this window|demons|0.3792119026184082
 That's why people get all excited when the preacher start talking about the devil|people|1.0
 Sometimes I say Satan wants to breach a break|Satan|1.0
 But then when you like but the flash working on the flesh people like any, like, two paragraph to get through the flesh All I could do is the devil|the flash|0.9999972581863403
 All I gotta say, the devil is a liar|ta|1.0
 Comey trifling|Comey|0.9999752044677734
 He was like You kind of trifling dropping the kind of was the lie Demonic demons want you to feel empowered|the kind|1.0
 The Divine Angels, God's spirit|The Divine Angels|0.9999999403953552
 This is your chance to be in charge|your chance|1.0
 The divine is have the ability to help|The divine|1.0
 Look what the bottle says Luke|the bottle|1.0
 20 to 25 He said|20 to 25|0.9999945163726807
 Unto them the kings of Gentiles exercise lordship over them and they they exercise authority upon them are called benefactors|the kings|0.9999997019767761
 Because when you have people that work for you, you get the benefit of their labor|people|1.0
 Let he That has the greatest among you with one that says they have all the ability to talent|the greatest|1.0
 Let him be like, let him serve for whether he's greater, who's greater, the person that eats the food or the person that knows how to cook it|the person|1.0
 My Jesus Here is Jesus here for you to be like all judges|My Jesus|1.0
 Or did he come to save you? Did he come toe pull you out of your He had to go through what she went through in order to give you what you need|toe|0.999516487121582
 He didn't skip the cross to talk to you and give you all the mental information he suffered|the cross|1.0
 The demonic wants you to feel important|The demonic|1.0
 That's why when you know the demonic thing is Oh, yeah, I know you don't You don't respect what I'm doing|the demonic thing|1.0
 All right, go ahead When somebody else is doing it, you kind of working|All right|0.9390607476234436
 The divine makes willing the divine says important or not|The divine|1.0
 What do you need me to d'oh When your divine you can have the greatest gift and do the smallest work when you're important, How did some people won't do? And we preached about it a week ago or two won't do the smallest things and don't understand how that little thing you didn't do has caused you to be a nasty person in the future|your divine|0.9013017416000366
 The little things balance you the humble|The little things|1.0
 You don't throw away the little things for 73 5 says if a man doesn't know how to carry himself when he's away from the church, if she doesn't know how to carry herself when she's away from the church, how do you show up in the church with so much talking and all that? If you don't know, this is why there's a way that you have to conduct yourself|the little things|0.9999971985816956
 You can't be in your house acting all he even and then come up in the church like bless everybody|your house|1.0
 You can't be in a sheet like boy|a sheet|1.0
 I will cut your throat and stop your neck|your throat|1.0
 And I mean to try to put your heads together|your heads|1.0
 Put your feet up on the floor|your feet|1.0
 Two minds makes you crazy|Two minds|1.0
 They're like racism are prominent racism|racism|1.0
 I raise other racism and being a church, like, uh, we are one under the Lord|other racism|1.0
 See, the Bible says you have to understand when it says rule your house|the Bible|1.0
 It means your family not being a novice|your family|1.0
 There's no blessing when you're inexperienced|no blessing|1.0
 There's no blessing when you have control over yourself|no blessing|1.0
 One of the worst things you can do to yourself is attack other people in the church|the worst things|1.0
 When you start attacking people in the church, let me tell you something|people|0.9759949445724487
 Oh! Oh, what you mean I while you laying me off? How come I have less hours? You're gonna see how quickly God's like|less hours|0.9999999403953552
 You don't ever get to the point where you can't get Show yourself|the point|1.0
 You just you're gonna be Your temper's gonna do you better in the church|Your temper|1.0
 You're doing attack people in the church|attack people|1.0
 You mess with us|You mess|0.9971364140510559
 He was no matter how mad they get you, the Bible says, let him walk upon you|the Bible|1.0
 So what, You're not attacking people? The consequences|people|1.0
 Not a novice, less less being lifted up with pride|Not a novice|0.9991567730903625
 What that says When you're inexperienced, when you have no control of your temper, you fall into the condemnation of the devil|no control|1.0
 Moreover, you have to have a good report of them, which are without unless you fall into a reproach to stay at the devil, see what it says|a good report|1.0
 Witty|Witty|1.0
 If they have to go report just in the church|report|0.9999973773956299
 What does the word say? Come on|the word|1.0
 Open your eyes to stay with me, you have to have a good report|your eyes|1.0
 Where? Oh, you have to have a good report in the church|a good report|1.0
 Where? Oh, they got you now you got a good report and the judge has to go over well outside the church|a good report|1.0
 Signs of spiritually maturity|Signs|0.9999997615814209
 A sense of entitlement to natural blessings before sewing and reaping the seeds of ministry|A sense|1.0
 That's a maturity God's gonna give me|a maturity|1.0
 You don't get blessed if you always exit when things get tough|things|1.0
 You don't get blessed when you step away from your ministry so you can get your life together|your ministry|1.0
 You have to go do when things ain't right at home|things|1.0
 You have to go doing the professor didn't treat you right|the professor|1.0
 You gotta go doing the government took all your taxes because you didn't pay some 100 years ago|ta|0.9999964237213135
 you got to go doing the collectors of chasing you, You gotta go|the collectors|1.0
 Bo doh doh doh doh! And in the charge, you still got to be faithful and nobody better know that you're going through|Bo doh doh doh|0.9868374466896057
 No accountability signs of spiritual maturity|No accountability signs|0.9995070099830627
 No accountability in the church that that the find your purpose and provides discipline|No accountability|0.9999999403953552
 Everybody becomes this special messenger off God with no accountability|this special messenger|1.0
 Listen, Special Messenger Did you bring the macaroni and cheese Special Messenger? Did you open the door? It was you late|Special Messenger|0.9999973177909851
 Special messenger|Special|0.9999512434005737
 Well, you wanna pray line when you said you're gonna be in a hairline? Special messenger|line|0.999866247177124
 Did you think this Although you like I don't let alone on the words Special message Special one|the words|0.9999968409538269
 What kind of mature? You know what happens|What kind|0.9999998807907104
 This is the beauty of being involved in ministry|the beauty|1.0
 People will say to you|People|1.0
 Trust me|Trust|1.0
 Failures, Okay? It's when you're afraid of failure|Failures|0.9999996423721313
 Things don't go the way they should go|Things|1.0
 It's when you create this idea in the church that people shouldn't be able to tell you about yourself|this idea|1.0
 Well, when they pointed to you, wanted somebody else see, How could that? That's That's good|somebody else|0.999034583568573
 That's good growth I've never get|good growth|0.9999993443489075
 The ministers are like Let's hit|The ministers|1.0
 I was teaching ministers about how to stay in the seven minutes somebody went over|ministers|0.9999982118606567
 They all came in office because we huddled up and they're like, Brother, Brother, seven minutes|office|1.0
 You add some minister that it's not seven anymore|some minister|1.0
 You add some minutes, not seven anymore|some minutes|1.0
 Imagine that brother like, but the anointed was on me and the people were blessed|that brother|0.9999706149101257
 And when the pastor imagine that like whoa, But we have to duff that brother|the pastor|1.0
 You just pray because failure is okay|failure|1.0
 And then what happens is when you realize that the things you're doing, a cost in you and God will show you quick|the things|1.0
 He'll send somebody in your ministry to tell you first|your ministry|1.0
 Then the Lord, like I find will do it again|the Lord|0.9999999403953552
 Handle yours|Handle|0.7978070378303528
 That's why there's some people have been in the church years and years and years and years|some people|1.0
 Stelling got no faithfulness and have them special ministries where they run out and do things for God|Stelling|0.9904223680496216
 But if a group of people were like, Let's say you didn't do your job Listen, where's your favorite is Let's say that you're part of team|a group|1.0
 They don't know nothing about that because they're spiritually immature, James says|James|1.0
 Even so, faith if you don't put your good works behind it, it's dead all by itself|faith|0.9939991235733032
 Yea, a man say vow has faith|a man|1.0
 Show me thy faith without works and I'll show you what the Lord did|thy faith|0.9999243021011353
 Listen, I hope you'll appreciate the fact that I'm the type of preacher|the fact|1.0
 God, I'm like Nana|God|0.6672870516777039
 It gets better because the man is living it|the man|1.0
 Brady to I'm not telling you to do something I didn't do|Brady|0.9999943971633911
 No one in your ministry should be expecting you to do something they didn't do|No one|1.0
 That's why what people need|people|0.6539492011070251
 I'm finishing the y'all need to understand|the y'all need|0.8662111163139343
 Pay attention to things that I'm teaching you|attention|1.0
 That's why when you were in ministry, the best thing you can do is share responsibility|ministry|1.0
 No people to tell you what Why don't you do it? You plan it|No people|1.0
 And you shouldn't have to say, because that's how all ministry should be|all ministry|1.0
 Run|Run|1.0
 Help! Because when your name is on it, how you'll see there's a different sense|your name|1.0
 And when it falls down, that thing will trouble you, Make you pray, make you get down on your knees in the morning like you need to bless these people cause bored living doing Jesus|that thing|0.9999766945838928
 When you involve the ministry, you be praying for the team|the ministry|1.0
 I'm talking about spirit from a chart|spirit|1.0
 I'm talking about the prodigal son prodigy getting out abundance|the prodigal son prodigy|1.0
 He went and he joined himself to a citizen because he had all of the inheritance|a citizen|1.0
 But he decided that he was gonna be extra special and go out and create his own|extra special|0.9999998807907104
 He was gonna build his own Super Ministry That was gonna work out|his own Super Ministry|1.0
 You gotta be accountable|ta|0.9158099889755249
 You gotta have discipline|ta|0.9999997615814209
 So he joined himself to a citizen of that country and they sent him into the fields to feed the pigs|a citizen|1.0
 And he would have filled his belly with the husk that the swine did|his belly|1.0
 He was so broken, he was going to eat the food that the pigs eat and no man gave unto him|the food|1.0
 And when he came to himself, he said, How many people do I know that air in God's house? That Aaron, My father's health that have bred enough to spare|How many people|0.9999998807907104
 Take a look|a look|0.8850851058959961
 The demonic will always unequally yoked Q demonic peop|The demonic|0.9999989867210388
 Team monitor|Team|1.0
 The devil will always it's in you Resist way, you will always connect with somebody that is worldly|The devil|1.0
 If you don't guard your mind, you don't have time to be connected with people that don't have God first in their life|your mind|1.0
 You don't have time to be falling in love with people that don't have got first in their life|time|1.0
 You don't have time to be making best friends with people that you just don't have time|time|1.0
 They're not eating what you're eating, and you know the first thing that happens when things start to get really like you know you're going to because it's a natural process|the first thing|1.0
 You're in the church and it shouldn't be all butter and gravy in the church|the church|1.0
 It should be a journey in a struggle, right? And you're in the church and you're like every people returns are not perfect|a journey|1.0
 Sometimes I feel like people don't like me|people|1.0
 I'm saying when I come out, somebody's like Oh, he comes See, we was all out here showing he by looking I know his communion Here comes you don't think I feel like that|his communion|1.0
 Then I get in a car like me what you think about what I said? She said you said what the lawyer told you to say|a car|1.0
 I'm like it wasn't I was because if you get what I'm fruity preaches presents for you|fruity preaches|0.9706161618232727
 Blessings for you blessings|Blessings|0.9999784231185913
 Let me lay my hands on you so you can feel this Blessing and Ugo right out in the bed of fornication|my hands|1.0
 20 minutes later|20 minutes|1.0
 Then the mayor got to come with the anointing scream and holla in touch your feelings|the mayor|1.0
 Can you? It's better to be connected with people and struggle with those people and have those people be like now you can't do that|people and struggle|1.0
 The divine gives you strong connections|The divine|1.0
 That's why Secondly, 6 14 you reading it|6 14|0.9999788403511047
 It says, Be ye not unequally yoked together with unbelievers|ye|0.9955592155456543
 For what? Fellowship has people that are trying to do things the right way with people that are trying to do things their own way|Fellowship|1.0
 How can you possibly be getting love advice from somebody that's not in the church, sleeping with their man or their girlfriend? How can you be in the middle of their relationship? How can you begin information about all that? Just feeding your head? How can you be talking to people that are time hustling, stealing? Do a criminal work? How can you be? Listen to these people|love advice|0.9999998807907104
 How can you be in office talking about all the racism, the crying, the distant death? How can you let this up? Listen, I don't know, Daddy|office|1.0
 I'm glad I'm about God's business|God|1.0
 How can you be connected to that and grow amateur? I'm preaching it in here demonic|amateur|1.0
 Be Monica|Monica|0.9999990463256836
 People think they work for God|People|1.0
 They think they have a gift and they made Jews it to bless God|a gift|1.0
 People think they think they're like good preachers and they preach and God use them|People|1.0
 Does the broom is not like I am super broom|the broom|1.0
 When? When? When? When God comes to get the one room steps out Like I don't want them on the brooms|God|1.0
 Your clay, You dirt your dust|Your clay|1.0
 15 14|15|1.0
 If you do what I command you henceforth I don't call you servants for the servant Doesn't know what the Lord is doing|servants|0.9999854564666748
 For all those things I heard of my father, I made known unto you|all those things|1.0
 May I know you do came the church and you came in here like I want to be saved|the church|1.0
 I chose you, Po and ordained you that you should go and bring forth fruit and your fruit should what remain so the things that the the life that you build should be steady|Po|0.9999997615814209
 Sometimes you they sometimes your church, and then sometimes you're not|your church|0.9999998807907104
 That's not how God works whatsoever|God|1.0
 You asking the father, he said|the father|1.0
 Unequal yolks weaken you|Unequal yolks|1.0
 Deep connections to people who aren't attached to the ministry and God's people, and the people that God has assigned you will drain your talent and blessings|Deep connections|0.9999999403953552
 Your attachment has to be to the people that you work within the ministry|Your attachment|1.0
 That's why you don't drop any ministry, whatever team you're working on, work on that team would assigned work on that team who love a sweeping whoever's vacuuming|any ministry|1.0
 Whoever's cleaning whoever's Brick in whoever's cooking who have us playing when it's your time to be on that team, do your job on that team so God can mature|Brick|0.9999901056289673
 You look at this, see what they see with the, uh, the product he had|the product|1.0
 He had to go and eat a pig's food because he walked away when The Lord showed me that I was like, Oh, pigs|a pig|1.0
 You can drop a dead body in a pig trough|a dead body|1.0
 Pigs eat anything|Pigs|1.0
 It was on the table, but now it's in the trash|the table|1.0
 The spirit of the pig is to eat messages and teaching that we're prepared for other people's ministry|The spirit|1.0
 But it disconnected from your purpose and fell off the table|your purpose|1.0
 That's why when people are not connected to ministry, they love every message that's on television|people|1.0
 YouTube|YouTube|1.0
 They eat that stuff up|that stuff|1.0
 It don't mean nothing to them pain and the people's churches|pain|0.9999978542327881
 Oh, the preacher's sad dance, he said|the preacher|1.0
 That I claimed about, I was reading What does that have to do with you? What you a pig eating somebody else's trash? That's what you do, you know, when you finish your scrape your plates in a big That's what some people do|That I|0.8541387319564819
 That's why they know every message that was preaching some from the church that they go to|every message|1.0
 That's why they believe everything that the big preachers say he out in Los Angeles, pastor in a whole different group, of people just in his leftovers|the big preachers|1.0
 You can't What Lord is prepared for you Because you're not mature enough to go to the table|Lord|0.9999978542327881
 Sit down like you got good sense in E|good sense|1.0
 So you gotta go out|ta|1.0
 And you you gotta eat what Noel Jones had and what it's like those of good messages|you you|0.7778839468955994
 But then you don't have any ministry over there|any ministry|1.0
 Super duper opa spatula like gods like not let me hook them up|Super duper opa spatula|0.9999999403953552
 Let me get this measures to Boston|this measures|1.0
 And you believe that? I turned on my radio, I put on the phone And then he came|my radio|1.0
 I was flipping through the Facebook and I saw the message, and it just touched me all up in my spirit when you were trapped on Sunday|the Facebook|1.0
 But the lawyer back up|the lawyer|1.0
 Pig Ford|Pig Ford|0.9999999403953552
 So how you live in somebody else's trash? You serving in that ministry? You working in that church? You're seeing that quiet? You're helping out Youth ministry|somebody else|0.9813731908798218
 You work with those kids? No, regardless of mistakes|those kids|1.0
 Always find your way back to the table that God has prepared for you|your way|1.0
 You go back because the word that God gives you is connected to the ministry and the inheritance that he has for you|the word|1.0
 We got work to do|work|1.0
 You ready to do it? Christianity is to be viewed as an internal inheritance|Christianity|1.0
 You need other people to hold you to your word|other people|1.0
 Father, we thank you|Father|0.9915137887001038
 What? You spoke in tow us|tow|0.9999899864196777
